"rsID","r2","chr","pos_hg38","is_query_snp","ref","alt"
"rs10032998",0.91,4,"80036672",0,"G","A"
"rs10033356",0.93,4,"80037099",0,"G","A"
"rs1008381",0.96,9,"120918838",0,"T","C"
"rs1008382",0.96,9,"120918977",0,"C","G"
"rs1008383",0.95,9,"120921301",0,"C","G"
"rs10104355",0.98,8,"80203613",0,"A","C"
"rs10117059",0.97,9,"120891199",0,"G","C"
"rs10131490",0.91,14,"68276590",0,"A","G"
"rs1014529",0.96,9,"120922665",0,"C","G"
"rs10152590",1,15,"69755777",0,"A","T"
"rs10152591",1,15,"69755818",1,"A","C"
"rs10166845",0.98,2,"198031347",0,"A","G"
"rs10173253",0.95,2,"30220594",0,"G","A"
"rs10175798",1,2,"30226728",1,"G","A"
"rs10176782",0.97,2,"100166365",0,"C","A"
"rs10181656",0.95,2,"191105153",0,"G","C"
"rs10182376",1,2,"74013798",0,"C","T"
"rs10184227",0.98,2,"198029581",0,"C","T"
"rs10184542",1,2,"74019423",0,"G","A"
"rs10185010",0.99,2,"110844221",0,"A","G"
"rs10185059",0.99,2,"100173710",0,"C","T"
"rs10185510",0.99,2,"100174119",0,"C","T"
"rs10186781",1,2,"74090373",0,"C","A"
"rs10192993",1,2,"74088791",0,"T","C"
"rs10196612",0.98,2,"198029415",0,"T","C"
"rs10197987",0.96,2,"100174321",0,"A","T"
"rs10198884",1,2,"74041451",0,"A","G"
"rs10206714",1,2,"198041757",0,"C","T"
"rs10222232",1,22,"36921928",0,"A","G"
"rs10222238",1,22,"36921972",0,"G","T"
"rs1025549",0.95,2,"198016459",0,"G","A"
"rs10264916",0.98,7,"92657062",0,"A","G"
"rs10401714",0.96,19,"19252821",0,"G","A"
"rs10403273",0.96,19,"19262159",0,"C","G"
"rs10407933",0.96,19,"19253510",0,"A","G"
"rs10422893",0.97,19,"19261376",0,"G","C"
"rs10423874",0.96,19,"19248691",0,"C","G"
"rs10429882",0.91,1,"161545386",0,"T","C"
"rs10435843",0.98,9,"120905755",0,"A","G"
"rs10435844",0.98,9,"120905921",0,"G","T"
"rs10438436",0.92,15,"90365549",0,"C","T"
"rs10453095",0.94,8,"80223269",0,"G","T"
"rs10453117",0.94,8,"80221666",0,"C","G"
"rs10453118",0.94,8,"80221759",0,"T","G"
"rs10453119",1,8,"80223447",1,"T","C"
"rs1048024",0.94,11,"118748067",0,"A","T"
"rs10484577",0.95,6,"106274291",0,"A","C"
"rs10496344",0.94,2,"100147663",0,"T","C"
"rs10497811",1,2,"198038185",0,"A","C"
"rs10497813",1,2,"198049348",1,"G","T"
"rs10517086",0.98,4,"26083889",0,"G","A"
"rs10556591",1,11,"128616246",1,"ATG","A"
"rs1064395",0.96,19,"19250926",0,"G","A"
"rs10711370",1,14,"68787081",1,"CA","C"
"rs10733648",0.94,9,"120938501",0,"T","C"
"rs10737852",0.92,1,"235639958",0,"G","T"
"rs10739576",0.98,9,"120885329",0,"T","C"
"rs10739579",0.96,9,"120932510",0,"C","A"
"rs10739580",0.95,9,"120933004",0,"C","T"
"rs10752641",0.99,1,"154459566",0,"G","C"
"rs10754711",0.92,1,"235638595",0,"A","G"
"rs10754713",0.92,1,"235640282",0,"A","T"
"rs10760118",1,9,"120879338",0,"C","T"
"rs10760121",0.98,9,"120885637",0,"G","T"
"rs10801676",0.94,1,"198609440",0,"T","C"
"rs10802900",0.92,1,"235639904",0,"C","T"
"rs10814138",0.92,9,"34723038",0,"C","A"
"rs10818480",0.98,9,"120880892",0,"T","C"
"rs10818484",0.96,9,"120898916",0,"C","T"
"rs10818485",0.98,9,"120905538",0,"G","C"
"rs1081975",0.96,12,"55999553",0,"C","G"
"rs10821972",0.99,10,"62283976",0,"G","A"
"rs10852935",0.96,17,"39875421",0,"C","T"
"rs10852936",0.95,17,"39875461",0,"C","T"
"rs10872479",1,6,"137945111",1,"G","A"
"rs10889681",1,1,"67333487",0,"T","C"
"rs10892279",0.98,11,"118741072",0,"G","A"
"rs10892280",0.96,11,"118741108",0,"C","T"
"rs10893846",1,11,"128318147",1,"C","T"
"rs10898866",0.99,11,"72700054",0,"C","T"
"rs10905284",1,10,"8073399",1,"C","A"
"rs10908839",0.94,1,"154458322",0,"C","G"
"rs10912600",0.93,1,"173369569",0,"T","C"
"rs10912602",0.96,1,"173372860",0,"G","A"
"rs10917571",1,1,"161549621",1,"C","A"
"rs10926318",0.92,1,"235638113",0,"C","T"
"rs10926319",0.92,1,"235638194",0,"C","T"
"rs10926320",0.92,1,"235638201",0,"G","T"
"rs10926321",0.92,1,"235638206",0,"T","C"
"rs10946216",0.95,6,"167125409",0,"T","C"
"rs10953072",1,7,"92627025",0,"A","C"
"rs10972201",0.98,9,"34707376",0,"G","A"
"rs10985087",0.98,9,"120908811",0,"C","T"
"rs11073337",0.94,15,"38555562",0,"A","C"
"rs11075010",0.96,16,"11732157",0,"C","T"
"rs11078925",0.94,17,"39868955",0,"T","C"
"rs11078926",0.99,17,"39906723",0,"G","A"
"rs11078927",0.99,17,"39908152",0,"C","T"
"rs11078928",0.99,17,"39908216",0,"T","C"
"rs11088251",0.95,21,"33398504",0,"A","C"
"rs11089620",0.94,22,"21568167",0,"C","G"
"rs11123810",0.92,2,"100142823",0,"T","C"
"rs11123812",0.93,2,"100145086",0,"T","C"
"rs11123813",0.96,2,"100149230",0,"C","T"
"rs11123814",0.96,2,"100150620",0,"A","G"
"rs111425486",1,6,"137839585",0,"A","G"
"rs111444407",0.92,19,"19247398",0,"C","T"
"rs111455087",0.91,NA,"",0,"A","C"
"rs111492783",0.95,19,"19246803",0,"A","G"
"rs1115587",0.99,10,"62279142",0,"G","A"
"rs11158763",0.97,14,"68786626",0,"C","T"
"rs111645387",0.94,8,"80223602",0,"A","G"
"rs111834969",0.92,19,"19319040",0,"ATACCCCGTCTC","A"
"rs111883038",1,6,"137846891",0,"C","A"
"rs11209050",0.92,1,"67326053",0,"A","C"
"rs11209051",1,1,"67333212",0,"C","T"
"rs11217001",0.94,11,"118736337",0,"G","A"
"rs11217002",0.98,11,"118736441",0,"C","T"
"rs11217006",1,11,"118739081",0,"G","A"
"rs11217009",0.95,11,"118745076",0,"C","T"
"rs112219496",0.92,19,"19247277",0,"G","A"
"rs112253053",0.94,19,"19314336",0,"T","A"
"rs11235569",0.98,11,"72694500",0,"A","C"
"rs11235575",1,11,"72708504",1,"A","T"
"rs112497003",1,6,"137844887",0,"G","A"
"rs11264568",0.91,1,"156836077",0,"T","G"
"rs11264569",0.91,1,"156836098",0,"A","C"
"rs11264570",0.91,1,"156836167",0,"T","C"
"rs11264572",0.91,1,"156836245",0,"A","G"
"rs11264804",0.95,1,"157724822",0,"C","T"
"rs112975146",1,6,"137844553",0,"T","C"
"rs11306822",0.92,1,"235639559",0,"TC","T"
"rs11307999",0.97,8,"80204990",0,"AT","A"
"rs113145184",0.92,19,"19309175",0,"T","C"
"rs113280491",0.95,5,"134502987",0,"G","A"
"rs11335221",1,10,"9010183",1,"GT","G"
"rs113415113",0.96,5,"134503641",0,"GA","G"
"rs11348849",0.99,15,"38555676",0,"GC","G"
"rs113496608",1,6,"137840529",0,"G","A"
"rs113532504",1,6,"15195451",1,"C","T"
"rs113734621",1,8,"128562857",0,"C","T"
"rs113762429",0.94,8,"80219057",0,"C","T"
"rs114080964",1,5,"40623536",0,"G","T"
"rs114564267",1,5,"40560941",0,"C","A"
"rs115284761",1,15,"77034495",1,"T","C"
"rs115544485",1,5,"40494659",0,"T","C"
"rs11555053",0.96,19,"19279376",0,"G","A"
"rs11557466",0.95,17,"39868373",0,"C","T"
"rs11571302",0.91,2,"203878211",0,"G","T"
"rs11571316",0.91,2,"203866366",0,"G","A"
"rs11574914",1,9,"34710341",0,"G","A"
"rs11576547",1,1,"173354779",0,"T","C"
"rs11577537",1,1,"173349190",0,"G","A"
"rs11577727",0.92,1,"173357693",0,"A","G"
"rs11631591",0.96,15,"38558061",0,"T","C"
"rs11651596",0.97,17,"39899863",0,"T","C"
"rs116601874",1,5,"40503821",0,"C","T"
"rs11681227",0.92,2,"100138535",0,"A","G"
"rs11681663",0.94,2,"198018228",0,"G","A"
"rs11681966",0.92,2,"100142995",0,"C","A"
"rs11683222",0.96,2,"198019304",0,"C","G"
"rs11687586",0.96,2,"100172884",0,"A","G"
"rs11690149",0.92,2,"198069080",0,"C","T"
"rs11690905",0.92,2,"100145011",0,"A","G"
"rs11705450",1,22,"36921487",0,"A","G"
"rs11705504",1,22,"36921451",0,"G","A"
"rs11709853",0.94,3,"189616852",0,"G","T"
"rs11720185",0.96,3,"189606481",0,"G","A"
"rs11729055",0.97,4,"10708102",0,"C","T"
"rs117352878",1,5,"40566047",0,"C","G"
"rs117473643",0.96,7,"129058132",0,"G","C"
"rs117520693",1,5,"40533715",0,"C","T"
"rs11752888",0.96,6,"106271184",0,"G","A"
"rs11764331",0.96,7,"92653310",0,"C","T"
"rs11765954",0.96,7,"92651381",0,"T","C"
"rs11767704",0.98,7,"92627061",0,"C","T"
"rs11771139",0.92,7,"100138436",0,"G","A"
"rs11771637",0.97,7,"92630847",0,"G","A"
"rs11775543",0.94,8,"80221747",0,"T","A"
"rs11776306",0.93,8,"80207008",0,"G","A"
"rs11777380",1,8,"133199722",1,"G","A"
"rs11778770",0.94,8,"80221890",0,"A","G"
"rs117853598",1,21,"42182059",0,"C","T"
"rs117904209",1,5,"40276900",0,"C","T"
"rs117944677",0.93,7,"129058131",0,"A","T"
"rs117948631",1,5,"40569476",0,"C","T"
"rs11802759",0.96,1,"173373188",0,"A","G"
"rs11806567",0.97,1,"2320543",0,"C","T"
"rs11826521",0.96,11,"118739840",0,"G","T"
"rs11870965",0.96,17,"39873952",0,"T","A"
"rs11889326",0.94,2,"198034551",0,"A","C"
"rs11889341",1,2,"191079016",1,"C","T"
"rs11891046",0.97,2,"100177940",0,"C","G"
"rs11899489",0.96,2,"100149791",0,"A","C"
"rs11900482",0.92,2,"100142247",0,"G","C"
"rs11902705",0.96,2,"100178745",0,"G","A"
"rs11993589",0.98,8,"80218434",0,"C","G"
"rs12126142",1,1,"154452980",1,"G","A"
"rs12129459",0.92,1,"235636517",0,"C","T"
"rs12129460",0.92,1,"235636523",0,"C","T"
"rs12131057",0.94,1,"38158457",0,"G","A"
"rs12133641",0.97,1,"154455807",0,"A","G"
"rs12232497",0.96,17,"39883866",0,"T","C"
"rs12232498",0.96,17,"39884110",0,"T","C"
"rs12329164",0.99,2,"198040500",0,"C","G"
"rs1234313",1,1,"173197108",1,"A","G"
"rs12364971",0.98,11,"118737085",0,"T","G"
"rs12395",0.97,1,"37803164",0,"T","C"
"rs12434551",0.97,14,"68786647",0,"A","T"
"rs12435329",0.96,14,"68784174",0,"T","C"
"rs12466919",0.94,2,"60865723",0,"C","T"
"rs12473138",0.97,2,"30224566",0,"C","T"
"rs12506688",1,4,"26102491",1,"C","T"
"rs12509837",0.93,4,"80028660",0,"G","C"
"rs12519914",1,5,"134503843",1,"C","T"
"rs12519953",1,5,"134503859",0,"G","A"
"rs12530098",1,6,"14106966",1,"C","T"
"rs12531054",1,7,"129004197",0,"G","T"
"rs12531711",1,7,"128977412",1,"A","C,G"
"rs12531820",1,7,"92628078",0,"A","G"
"rs12534421",1,7,"128984019",0,"C","A"
"rs12535158",1,7,"128984965",0,"C","T"
"rs12539476",1,7,"129017429",0,"T","C"
"rs12593201",0.93,15,"38551905",0,"G","A"
"rs1264600",1,8,"101441122",1,"T","C"
"rs12706861",1,7,"128976528",0,"C","T"
"rs12709365",0.96,17,"39871147",0,"A","G"
"rs12712064",0.92,2,"100140086",0,"C","T"
"rs12712067",0.94,2,"100147438",0,"G","T"
"rs12712068",0.95,2,"100147977",0,"A","G"
"rs12712070",0.97,2,"100164777",0,"C","A"
"rs12712071",1,2,"100177414",1,"G","A"
"rs12720356",1,19,"10359299",1,"A","C"
"rs12726977",0.96,1,"37819884",0,"G","A"
"rs12736195",0.93,1,"173338762",0,"T","C"
"rs12742673",1,1,"173342860",0,"G","A"
"rs12746582",0.91,1,"156836231",0,"T","A"
"rs12747432",0.92,1,"198597424",0,"G","T"
"rs12750865",1,1,"173346737",0,"T","C"
"rs12756019",1,1,"156830120",1,"G","A"
"rs12760154",0.97,1,"37818944",0,"G","C"
"rs12864265",0.94,13,"42440328",0,"G","A"
"rs12872801",1,13,"39780063",0,"C","T"
"rs12875311",0.99,13,"39768420",0,"G","A"
"rs12876235",1,13,"39776957",0,"T","G"
"rs12894617",1,14,"98216320",1,"G","A"
"rs12898340",0.98,15,"69732407",0,"T","C"
"rs12899564",0.94,15,"69692945",0,"C","G"
"rs12902958",1,15,"69747915",0,"G","A"
"rs12902976",0.94,15,"69706109",0,"A","C"
"rs12912487",1,15,"69740455",0,"G","A"
"rs12917282",0.96,15,"69704988",0,"G","A"
"rs12926451",0.96,16,"11725713",0,"C","A"
"rs12936409",0.95,17,"39887396",0,"C","A,G,T"
"rs12939832",0.98,17,"39908623",0,"G","A"
"rs12941333",0.96,17,"39884281",0,"C","T"
"rs12949100",0.98,17,"39900936",0,"G","A"
"rs12987209",0.92,2,"100144686",0,"C","T"
"rs12987212",0.92,2,"100144694",0,"C","T"
"rs12992234",0.92,2,"100151424",0,"G","A"
"rs13003982",0.91,2,"100142616",0,"T","C"
"rs13005282",0.96,2,"100179464",0,"A","G"
"rs13013594",0.98,2,"100167728",0,"A","G"
"rs13017599",0.98,2,"60937196",0,"G","A"
"rs13019590",0.96,2,"60872285",0,"A","C"
"rs13026755",0.91,2,"60933484",0,"C","T"
"rs13031237",0.99,2,"60908994",0,"G","T"
"rs13031721",0.97,2,"60879336",0,"A","G"
"rs13032454",0.92,2,"100139547",0,"T","C"
"rs13118890",0.92,4,"2735123",0,"T","C"
"rs1322178",0.93,6,"106183905",0,"C","T"
"rs13227075",1,7,"129003243",0,"T","C"
"rs13236009",0.99,7,"129023119",0,"T","G"
"rs13238352",0.99,7,"129007888",0,"C","T"
"rs13239597",0.99,7,"129055929",0,"C","A"
"rs1324005",0.93,13,"42443364",0,"G","C"
"rs13246321",0.96,7,"129061277",0,"T","C"
"rs13277113",0.99,8,"11491677",0,"G","A"
"rs13330176",0.97,16,"85985481",0,"T","A"
"rs13380815",0.96,17,"39871330",0,"A","G"
"rs13387412",1,2,"74091986",0,"A","G"
"rs13395354",0.97,2,"110842942",0,"C","T"
"rs13396472",1,2,"110847661",1,"A","C"
"rs13396777",1,2,"74082631",0,"G","A"
"rs13397960",1,2,"110849026",0,"C","T"
"rs13401811",0.97,2,"110858527",0,"G","A"
"rs13408294",0.97,2,"201306850",0,"C","G"
"rs13413697",1,2,"74092678",0,"C","T"
"rs13415465",0.92,2,"100147542",0,"T","G"
"rs13415583",0.94,2,"100147625",0,"T","G"
"rs13426799",1,2,"74092343",0,"T","A"
"rs1353286",0.93,3,"27730523",0,"T","G"
"rs1355208",0.92,2,"30222456",0,"A","G"
"rs1365169",0.94,15,"69691526",0,"A","G"
"rs1370353",0.96,2,"100148362",0,"G","C"
"rs1371664",1,2,"198039741",0,"T","A"
"rs137976725",0.97,NA,"",0,"CTTTG","C"
"rs138066321",1,4,"80031255",1,"GGTGTGTGCATGCACACACAT","G"
"rs138116112",0.99,9,"120879053",0,"CTTCT","C"
"rs138204386",0.91,2,"60930668",0,"TAAAC","T"
"rs138665726",0.94,22,"21563570",0,"A","C"
"rs138706773",0.94,2,"100154209",0,"T","A"
"rs139007758",1,2,"201326227",0,"TG","T"
"rs139605600",0.92,2,"191095383",0,"T","A"
"rs139788486",0.95,4,"26095676",0,"GAAGGAAGGAAGGA","G"
"rs140190217",1,5,"40503835",0,"TA","T"
"rs140611955",0.96,3,"189610220",0,"G","A"
"rs140938600",0.97,2,"60878920",0,"TG","T"
"rs141570105",0.93,21,"34555987",0,"C","T"
"rs142195532",0.94,11,"118761612",0,"AAAAACAAAAC","A"
"rs1422673",1,5,"151059427",1,"C","T"
"rs1426149",0.96,8,"80183936",0,"G","A"
"rs143107126",1,18,"69880203",1,"AAGGC","A"
"rs143120528",0.97,7,"92629419",0,"AAG","A"
"rs143259280",1,2,"69982036",1,"TATCCATCC","T"
"rs145020032",1,5,"40493815",0,"CT","C"
"rs1452408",0.93,15,"90347885",0,"A","C"
"rs145397974",0.94,6,"44294247",0,"G","A"
"rs145640740",1,13,"42425186",1,"C","T"
"rs146492555",1,14,"61460020",1,"G","GT"
"rs146710425",1,2,"73985644",0,"T","TG"
"rs146774207",1,21,"42372007",1,"C","A"
"rs1468671",0.98,9,"120895224",0,"G","C"
"rs147868091",0.91,21,"34555942",0,"C","T"
"rs1478901",0.99,8,"11490324",0,"G","C"
"rs148298944",1,21,"42330153",0,"A","G"
"rs148891116",0.92,NA,"",0,"ATT","A"
"rs148978298",0.93,4,"80026550",0,"TCA","T"
"rs149266859",1,5,"40601608",0,"C","CA"
"rs149522085",1,5,"40541415",0,"A","G"
"rs149591923",1,5,"40562721",0,"C","T"
"rs149746660",0.97,NA,"",0,"CAAG","C"
"rs1539258",0.94,1,"173343444",0,"C","A,T"
"rs1541953",0.98,2,"198033620",0,"A","T"
"rs154785",0.96,5,"143231575",0,"C","A"
"rs154786",0.93,5,"143227406",0,"T","C"
"rs154787",0.97,5,"143226736",0,"C","A"
"rs1548783",0.98,9,"120896361",0,"A","G"
"rs1548784",0.96,9,"120923002",0,"T","C"
"rs1554005",0.97,2,"110841381",0,"C","T"
"rs1569723",0.98,20,"46113425",0,"C","A"
"rs1571878",0.98,6,"167127354",0,"C","T"
"rs1579258",0.96,16,"11731047",0,"C","G"
"rs1579695",0.97,2,"198035639",0,"G","A"
"rs1583792",1,2,"198035564",0,"C","T"
"rs1592572",0.95,16,"11716526",0,"T","C"
"rs1595823",0.97,2,"198027075",0,"C","T"
"rs1609810",1,9,"120880073",0,"C","T"
"rs16837131",1,2,"201309089",0,"C","A"
"rs16878091",0.97,4,"26086506",0,"G","A"
"rs16903108",1,8,"128564231",1,"T","C"
"rs16944254",0.93,15,"90355295",0,"C","T"
"rs16953685",1,15,"69741749",0,"A","C"
"rs17164683",0.98,7,"92657666",0,"C","T"
"rs17216041",0.99,19,"19255834",0,"G","A"
"rs17338998",1,7,"128978505",0,"C","T"
"rs17339836",0.99,7,"129041008",0,"C","T"
"rs17346550",1,1,"173346486",0,"T","C"
"rs17424602",1,7,"129047886",0,"A","G"
"rs17443756",0.96,3,"189602650",0,"A","G"
"rs17535911",0.93,13,"42442158",0,"T","G"
"rs17630466",0.98,4,"26084947",0,"A","G"
"rs17751061",0.93,19,"19302283",0,"C","T"
"rs17766836",0.97,7,"92629647",0,"C","T"
"rs17878783",0.96,21,"33406879",0,"G","A"
"rs17879003",0.96,21,"33406221",0,"C","T"
"rs17880053",0.94,21,"33401191",0,"T","TG"
"rs17885509",0.96,21,"33407324",0,"C","T"
"rs17887186",0.96,21,"33406896",0,"G","A"
"rs1790966",0.99,18,"69879606",0,"T","C"
"rs1807544",0.93,22,"36915177",0,"C","T"
"rs1807545",0.95,22,"36915233",0,"A","C"
"rs1807546",0.96,22,"36915383",0,"A","C"
"rs1821826",0.96,2,"100148249",0,"C","T"
"rs1821827",0.96,2,"100148255",0,"T","C"
"rs182199544",1,7,"27044962",1,"C","T"
"rs1830789",0.93,13,"42452321",0,"C","T"
"rs183605557",0.96,2,"100155279",0,"T","C"
"rs1839972",0.93,15,"90348122",0,"A","G"
"rs1857066",0.97,1,"173363490",0,"A","C"
"rs1860823",0.98,9,"120897026",0,"T","C"
"rs1860824",0.98,9,"120897061",0,"G","T"
"rs1866666",0.92,2,"198075883",0,"T","C"
"rs187318195",1,4,"174330770",1,"A","G"
"rs1873914",0.98,12,"55985643",0,"G","C"
"rs187579",1,5,"103269232",1,"A","C"
"rs187729",0.97,5,"143226004",0,"C","T"
"rs1883832",1,20,"46118343",1,"T","C"
"rs1885013",1,14,"68287978",1,"G","A"
"rs1893592",1,21,"42434957",1,"A","C"
"rs190669824",0.94,6,"44275052",0,"A","G"
"rs1924415",0.95,13,"42434872",0,"C","G"
"rs1930778",1,9,"120879091",0,"A","C"
"rs1930780",0.97,9,"120923941",0,"C","G"
"rs1930781",0.96,9,"120925556",0,"G","A"
"rs1930786",0.94,9,"120929191",0,"C","G"
"rs1933437",0.99,13,"28050157",0,"G","A"
"rs1950897",0.98,14,"68293424",0,"C","T"
"rs1953126",1,9,"120878222",1,"T","C"
"rs1957570",0.91,14,"68262507",0,"A","C"
"rs1970265",0.99,1,"157723924",0,"G","C"
"rs1971898",0.93,15,"90347604",0,"G","C"
"rs1971899",0.91,15,"90347432",0,"C","A"
"rs1977710",0.99,1,"157723932",0,"A","G"
"rs1978888",0.97,2,"198024521",0,"T","C"
"rs1980421",1,2,"203745281",0,"A","G"
"rs1980422",1,2,"203745673",1,"C","T"
"rs1991797",0.94,5,"103286752",0,"G","T"
"rs1994564",0.97,6,"159093221",0,"T","C"
"rs199584538",0.93,21,"33399281",0,"T","TG"
"rs1998977",0.91,1,"156834329",0,"T","C"
"rs200072818",1,5,"40528474",0,"CCTTAAGAAACCAAA","C"
"rs200361020",1,5,"40503834",0,"TTA","T"
"rs200458265",1,19,"10475342",1,"CTTT","C"
"rs2004781",0.94,11,"118748544",0,"C","T"
"rs200505068",0.93,6,"167124264",0,"T","TG"
"rs200571653",0.94,15,"38554145",0,"AG","A"
"rs2009094",0.96,2,"100148615",0,"G","A"
"rs2009095",0.96,2,"100148619",0,"C","T"
"rs2010506",0.98,19,"19276547",0,"C","T"
"rs201079562",0.98,18,"12875523",0,"G","GT"
"rs201314980",0.99,1,"37798161",0,"AC","A"
"rs201413579",0.93,9,"120942276",0,"G","GAAT"
"rs201783688",0.98,9,"120884233",0,"C","CAGAT"
"rs2019097",0.96,2,"201328740",0,"A","G"
"rs2024568",0.97,20,"46103450",0,"T","C"
"rs2027498",0.96,1,"173364680",0,"A","G"
"rs2027499",1,1,"173350700",0,"G","A"
"rs2049908",0.96,22,"36915047",0,"A","G"
"rs2061831",0.96,8,"11482373",0,"T","C"
"rs2069235",1,22,"39351775",1,"G","A"
"rs2072713",0.98,22,"36923383",0,"G","T"
"rs2074019",0.93,11,"2297637",0,"A","G"
"rs2074020",0.94,11,"2297638",0,"G","A"
"rs2074023",0.91,11,"2304351",0,"C","T"
"rs2074302",0.99,19,"19270919",0,"G","C"
"rs2075875",0.99,21,"44289258",0,"T","C"
"rs2075876",1,21,"44289270",1,"G","A"
"rs2075940",1,22,"36922404",0,"G","A"
"rs2075941",1,22,"36922473",0,"T","C"
"rs2075942",0.99,22,"36922737",0,"T","C"
"rs2076616",1,1,"17086006",1,"A","G"
"rs2077579",0.95,11,"118748338",0,"T","G"
"rs2104047",1,14,"68287700",0,"T","C"
"rs2109895",0.96,9,"120915549",0,"C","T"
"rs2109896",0.96,9,"120920828",0,"C","T"
"rs2117339",1,2,"198051010",0,"C","T"
"rs2139049",0.96,2,"198022936",0,"G","A"
"rs2141331",1,2,"201286769",1,"C","T"
"rs2153775",0.96,1,"173368443",0,"G","T"
"rs2155433",0.97,11,"118742212",0,"G","A"
"rs2159778",0.93,9,"120915851",0,"G","A"
"rs2164711",0.97,2,"100158960",0,"G","T"
"rs2196171",0.94,2,"198025083",0,"T","G"
"rs2196172",0.97,2,"198025169",0,"T","G"
"rs2196174",1,2,"198040448",0,"A","G"
"rs2196175",0.99,2,"198040349",0,"T","A"
"rs2208397",0.98,14,"68286570",0,"T","G"
"rs2210918",0.99,1,"157723195",0,"T","C"
"rs2228145",0.99,1,"154454494",0,"A","C,T"
"rs2233424",1,6,"44266184",0,"C","T"
"rs2233433",1,6,"44265240",0,"G","A"
"rs2233434",1,6,"44265183",0,"A","G"
"rs2235369",0.98,6,"14118274",0,"G","A"
"rs2236500",0.94,6,"44301833",0,"C","T"
"rs2239657",0.98,9,"120909242",0,"G","A"
"rs2239658",0.98,9,"120909559",0,"T","C"
"rs2241003",0.93,9,"120904499",0,"G","C"
"rs2256609",0.92,22,"21570728",0,"A","G"
"rs2258734",1,1,"2552522",1,"G","A"
"rs2266959",0.94,22,"21568615",0,"G","T"
"rs2266961",0.94,22,"21574308",0,"C","G"
"rs2268241",0.95,21,"33408744",0,"G","A"
"rs2268242",0.96,21,"33408798",0,"C","T"
"rs2270231",0.97,9,"120888704",0,"C","G"
"rs2280976",0.99,22,"36922384",0,"C","T"
"rs2282979",0.97,7,"92635679",0,"T","C"
"rs2288786",1,5,"103265053",0,"G","A"
"rs2288787",1,5,"103265005",0,"A","G"
"rs2288788",1,5,"103264868",0,"T","G"
"rs2288789",0.96,5,"103264823",0,"G","A"
"rs2291289",0.98,11,"72697612",0,"C","T"
"rs2295499",1,4,"2715963",1,"C","T"
"rs2299864",0.99,6,"106220119",0,"C","T"
"rs2300373",1,21,"33416432",1,"A","T"
"rs2305480",1,17,"39905943",0,"G","A"
"rs2306607",0.98,11,"72692550",0,"T","C"
"rs2306627",1,1,"37794831",1,"C","T"
"rs2309753",0.97,2,"100159458",0,"C","A"
"rs2309755",0.92,2,"100163287",0,"G","A"
"rs2309756",0.97,2,"100163807",0,"G","C"
"rs2315023",0.94,19,"19302584",0,"C","T"
"rs2324858",0.93,13,"42446144",0,"G","A"
"rs2324873",0.93,13,"42433058",0,"C","T"
"rs2409780",0.96,8,"11480078",0,"T","C"
"rs2413435",0.96,22,"36916222",0,"G","T"
"rs2413436",0.96,22,"36916519",0,"A","G"
"rs2416805",0.96,9,"120914204",0,"T","C"
"rs2416806",0.96,9,"120928014",0,"G","C"
"rs2421206",1,19,"11151801",1,"T","G"
"rs2422349",0.94,1,"173371670",0,"G","T"
"rs244468",1,5,"143224856",1,"A","G"
"rs244674",1,5,"134085107",1,"T","C"
"rs2451258",0.97,6,"159085568",0,"C","T"
"rs2451278",1,6,"159093095",0,"T","C"
"rs2476601",1,1,"113834946",1,"A","G"
"rs2485361",1,6,"159078972",0,"A","G"
"rs2485362",1,6,"159082054",1,"A","G"
"rs2485363",0.97,6,"159085089",0,"T","G"
"rs2504235",0.94,13,"28038749",0,"A","G"
"rs2521267",0.97,11,"2298703",0,"C","T"
"rs2561476",1,5,"103273133",0,"T","C"
"rs2561477",1,5,"103273223",0,"G","A"
"rs2561482",0.95,5,"103262097",0,"G","C"
"rs2569015",1,5,"103273146",0,"A","G"
"rs2569016",1,5,"103267431",0,"A","G"
"rs2569018",0.95,5,"103262042",0,"A","G"
"rs2582530",1,14,"104924797",0,"A","G"
"rs2618444",0.96,8,"11480861",0,"A","C"
"rs2618473",0.95,8,"11486618",0,"C","T"
"rs2618476",0.95,8,"11495032",0,"T","C"
"rs26232",0.95,5,"103261019",0,"C","T"
"rs26233",0.95,5,"103261115",0,"G","T"
"rs26234",0.95,5,"103261455",0,"G","A"
"rs2664035",1,4,"48218822",1,"G","A"
"rs267953",0.94,5,"10742429",0,"A","G"
"rs267972",0.97,5,"10727527",0,"G","A"
"rs267973",0.97,5,"10726169",0,"T","C"
"rs267978",0.97,5,"10719692",0,"T","C"
"rs267980",0.97,5,"10717274",0,"A","C"
"rs267984",0.98,5,"10714252",0,"T","A"
"rs267985",0.98,5,"10713283",0,"G","A"
"rs2720269",0.97,3,"127592355",0,"G","A"
"rs2736336",0.96,8,"11484361",0,"G","T"
"rs2736337",0.94,8,"11484371",0,"T","C"
"rs2736338",0.94,8,"11484374",0,"A","C"
"rs2736340",1,8,"11486464",1,"C","T"
"rs2793109",1,10,"31090917",0,"T","A"
"rs2793110",0.98,10,"31091502",0,"G","C"
"rs2797897",1,10,"31094899",0,"T","C"
"rs2812378",1,9,"34710263",1,"G","A"
"rs28157",0.95,5,"103260136",0,"G","T"
"rs28158",0.95,5,"103260191",0,"C","G"
"rs2819464",1,14,"104925560",1,"T","G"
"rs2834512",0.97,21,"34539301",0,"G","A"
"rs2834519",0.99,21,"34545087",0,"C","T"
"rs2834532",0.98,21,"34553928",0,"T","C"
"rs28362854",1,6,"44266985",0,"C","T"
"rs28362855",1,6,"44266884",1,"G","T"
"rs28362856",1,6,"44266802",0,"G","C"
"rs28362859",0.91,6,"44261078",0,"A","C"
"rs28373672",1,19,"35722170",1,"A","G"
"rs28378413",0.91,1,"37835548",0,"G","A"
"rs28398409",1,1,"198614892",1,"A","G"
"rs28403886",0.92,4,"80019527",0,"T","C"
"rs28421442",1,2,"73992488",1,"T","A"
"rs28489009",0.99,1,"37801581",0,"G","A"
"rs28498223",0.91,14,"68261708",0,"C","T"
"rs28544343",0.93,1,"37828954",0,"C","T"
"rs28635831",0.99,13,"39745817",0,"A","G"
"rs28653198",0.96,21,"33410089",0,"A","C"
"rs28689045",0.93,15,"90372953",0,"G","A"
"rs28721541",0.91,4,"80020301",0,"G","A"
"rs2872507",0.96,17,"39884510",0,"G","A"
"rs2873405",0.99,1,"157722254",0,"T","G"
"rs28853644",0.93,16,"30789706",0,"C","T"
"rs2899276",0.96,22,"36916131",0,"T","C"
"rs2900180",0.95,9,"120944104",0,"T","C"
"rs2918392",1,5,"10704685",1,"T","C"
"rs2930047",0.95,5,"10695414",0,"T","C"
"rs2930048",0.96,5,"10698457",0,"C","G"
"rs2968493",0.95,3,"28016059",0,"G","A"
"rs3001423",1,14,"104920174",0,"G","A"
"rs3027933",1,NA,"154033423",1,"G","C"
"rs3087243",1,2,"203874196",1,"G","A"
"rs3093017",1,6,"167127770",1,"C","G"
"rs3093023",0.96,6,"167120802",0,"G","A"
"rs3093024",0.99,6,"167119305",0,"A","G"
"rs3093025",0.99,6,"167119243",0,"A","G"
"rs3118469",1,10,"6059166",0,"A","T"
"rs3118471",1,10,"6060794",0,"A","G"
"rs3134883",1,10,"6058762",1,"G","A"
"rs3184504",1,12,"111446804",1,"T","C"
"rs34025077",1,15,"69741239",0,"A","G"
"rs34074973",0.96,17,"39879513",0,"GAGA","G"
"rs34088262",1,15,"69746490",0,"A","C,T"
"rs34092297",0.98,15,"69718133",0,"A","G"
"rs34120102",0.94,17,"39869782",0,"G","A"
"rs34121936",1,1,"2320961",1,"AG","A"
"rs34123396",0.92,8,"80212833",0,"AT","A"
"rs34130487",1,7,"100161582",1,"C","T"
"rs34185821",0.98,4,"26083858",0,"A","G"
"rs34189114",0.96,17,"39876207",0,"C","T"
"rs34269949",0.94,3,"27728060",0,"A","C"
"rs34381587",1,7,"129026771",0,"A","G"
"rs34394770",0.99,13,"39759232",0,"T","C"
"rs34480360",1,16,"30787368",1,"G","A"
"rs34504591",1,10,"6471591",1,"G","GA"
"rs34518355",0.91,2,"60926668",0,"G","A"
"rs34549281",1,15,"69744822",0,"A","G"
"rs34582442",0.93,6,"106181821",0,"A","G"
"rs34599047",0.93,6,"106181815",0,"T","C"
"rs34692727",0.96,2,"198018789",0,"C","T"
"rs34695944",1,2,"60897715",1,"T","C"
"rs34713807",0.93,8,"80203770",0,"T","A"
"rs34725944",1,7,"129001599",0,"T","C"
"rs34735114",0.91,18,"12864976",0,"CAA","C"
"rs34746916",1,1,"173341667",0,"A","G"
"rs34748780",0.96,7,"129060099",0,"A","G"
"rs34774904",0.95,16,"11723251",0,"G","A"
"rs34823362",0.92,9,"120946008",0,"CA","C"
"rs34843857",0.97,6,"106250177",0,"AT","A"
"rs34846641",0.97,18,"12875976",0,"A","G"
"rs34871361",1,7,"129031032",0,"C","T"
"rs34884651",1,15,"69737310",0,"A","G"
"rs34888157",0.94,1,"37824431",0,"C","T"
"rs34972373",1,1,"173341603",0,"C","T"
"rs35023245",1,7,"128993189",0,"GT","G"
"rs35025671",0.98,15,"69734073",0,"A","T"
"rs35062652",0.92,2,"198063203",0,"C","T"
"rs35187679",0.92,15,"69690356",0,"A","G"
"rs35188261",0.97,7,"129043485",0,"G","A"
"rs35234849",1,7,"129008899",0,"T","C"
"rs35258616",0.98,15,"69734175",0,"C","T"
"rs35268763",0.94,15,"69696398",0,"T","A"
"rs35281701",0.96,15,"69699715",0,"C","T"
"rs35407548",0.99,1,"173358208",0,"T","C"
"rs35500101",0.96,15,"69702143",0,"AC","A"
"rs35514484",0.91,15,"69719480",0,"T","A"
"rs35569035",0.95,17,"39879371",0,"C","T"
"rs35587382",0.94,13,"42445920",0,"GA","G"
"rs35615287",0.94,15,"38554141",0,"CT","C"
"rs35623045",0.94,13,"39725705",0,"ATAG","A"
"rs35685961",0.94,15,"69696900",0,"G","A"
"rs35699331",0.99,1,"154460428",0,"T","C"
"rs35727581",1,15,"69752209",0,"A","G"
"rs35736272",0.96,17,"39876427",0,"T","C"
"rs35800",0.95,5,"103272980",0,"C","G"
"rs35801",1,5,"103272512",0,"G","T"
"rs35802",1,5,"103271884",0,"A","T"
"rs35803",1,5,"103271241",0,"A","G"
"rs35817322",0.98,15,"69732275",0,"G","A"
"rs35849592",0.98,15,"69732192",0,"C","G"
"rs3585367",1,NA,"",1,"",""
"rs35876694",0.91,1,"37801561",0,"GT","G"
"rs35878604",0.95,2,"60849968",0,"TC","T"
"rs35926684",1,6,"137678425",1,"GA","G"
"rs35944082",1,4,"26093692",0,"A","G"
"rs35945528",1,15,"69733495",0,"T","C"
"rs36016482",0.96,15,"69724779",0,"C","T"
"rs36026953",1,15,"69754078",0,"G","A"
"rs36027443",0.94,15,"38554146",0,"G","A"
"rs36038753",0.96,17,"39879117",0,"G","T"
"rs36052700",0.98,15,"69741325",0,"C","T"
"rs36073657",0.97,7,"129011468",0,"C","T"
"rs36124936",0.98,15,"69735229",0,"C","T"
"rs364491",0.96,5,"10731896",0,"G","C"
"rs366437",1,5,"103269900",0,"T","C"
"rs368957966",1,NA,"",1,"",""
"rs3734708",0.94,6,"44275380",0,"G","A"
"rs3734709",0.94,6,"44275726",0,"G","A"
"rs375637",0.98,5,"103263877",0,"G","A"
"rs3757387",1,7,"128936032",1,"T","C"
"rs376286",0.98,5,"103263689",0,"G","A"
"rs377192",1,5,"103267853",0,"C","T"
"rs3776414",0.94,5,"10689450",0,"T","G"
"rs3778754",0.91,7,"128935498",0,"C","G"
"rs3784099",0.99,14,"68283210",0,"G","A"
"rs3799963",0.97,6,"44263742",0,"G","C"
"rs3802597",0.98,10,"8072425",0,"A","G"
"rs3803538",0.93,15,"90348539",0,"T","C"
"rs3804329",0.99,6,"106238552",0,"A","G"
"rs3804333",0.96,6,"106279340",0,"C","T"
"rs3806624",0.94,3,"27723132",0,"A","G"
"rs3822412",0.94,5,"10689656",0,"A","G"
"rs3825568",0.94,14,"68793871",0,"C","T"
"rs3827644",0.98,6,"106237320",0,"G","C"
"rs3846098",0.98,3,"189588659",0,"G","A"
"rs3852410",0.99,10,"62277804",0,"C","T"
"rs3889239",0.95,11,"118749251",0,"C","T"
"rs39984",0.94,5,"103261591",0,"G","T"
"rs403214",1,5,"103268000",0,"A","C,G"
"rs411648",1,5,"103267201",0,"A","T"
"rs4129267",1,1,"154453788",0,"C","T"
"rs42044",1,7,"92620826",1,"T","G"
"rs42046",1,7,"92622889",0,"C","G"
"rs4239882",0.97,22,"36917966",0,"A","G"
"rs4240872",1,1,"154463719",0,"C","T"
"rs4273243",0.94,2,"100155651",0,"C","T"
"rs4274624",0.96,2,"191093930",0,"C","T"
"rs4307387",0.94,8,"80219621",0,"G","A"
"rs4307388",0.94,8,"80219775",0,"G","T"
"rs4323544",0.98,9,"120885099",0,"C","T"
"rs433317",1,3,"28018965",1,"C","T"
"rs4336166",0.92,4,"80018825",0,"C","T"
"rs4338985",1,2,"74067155",0,"C","T"
"rs4341355",1,1,"154463928",1,"C","G"
"rs434294",0.98,5,"103263925",0,"A","G"
"rs434816",0.98,5,"103263627",0,"A","G"
"rs434830",0.99,5,"103263605",0,"A","G"
"rs4355818",0.93,8,"80208018",0,"G","A"
"rs4374575",0.91,4,"80039586",0,"A","G"
"rs4382762",0.96,1,"173371833",0,"G","A"
"rs4395929",0.92,8,"80219630",0,"C","T"
"rs4409785",1,11,"95578258",1,"T","C"
"rs4415363",0.93,8,"80207954",0,"C","T"
"rs4437064",0.91,22,"36923905",0,"C","G"
"rs4439779",0.94,16,"11732985",0,"T","C"
"rs4460413",0.93,8,"80208838",0,"C","T"
"rs4473645",0.99,4,"26089576",0,"A","G"
"rs4490209",0.96,2,"100150249",0,"C","G"
"rs4499444",0.96,2,"100157147",0,"C","G"
"rs4509570",1,1,"154463908",0,"G","C"
"rs4529854",1,10,"62284216",1,"C","T"
"rs4566053",0.92,13,"42425043",0,"C","T"
"rs4584833",1,16,"11704902",1,"C","T"
"rs4601365",1,8,"80222784",0,"C","G"
"rs4653329",0.97,1,"37820221",0,"G","T"
"rs4655698",1,1,"67332644",1,"T","G"
"rs4659574",0.92,1,"235639708",0,"C","T"
"rs4659975",0.93,1,"235635970",0,"T","A"
"rs4659979",0.92,1,"235639825",0,"C","G"
"rs4680838",0.97,3,"27741985",0,"A","G"
"rs4687070",1,3,"189588861",1,"A","T"
"rs4687071",1,3,"189592787",0,"G","C"
"rs4690029",0.95,4,"2721088",0,"T","C"
"rs4728142",0.93,7,"128933913",0,"G","A"
"rs4739725",0.96,8,"80179286",0,"A","G"
"rs4739727",0.94,8,"80221283",0,"A","G"
"rs4739728",1,8,"80221393",0,"G","A"
"rs4740127",0.92,8,"80180654",0,"T","G"
"rs4740131",0.96,8,"80182466",0,"G","A"
"rs4740134",0.97,8,"80186710",0,"C","T"
"rs4740137",0.93,8,"80209795",0,"T","C"
"rs4740138",0.93,8,"80210786",0,"C","T"
"rs4740139",0.96,8,"80217297",0,"C","A"
"rs4740140",0.97,8,"80217376",0,"G","T"
"rs4740141",0.91,8,"80217491",0,"T","C"
"rs475843",0.98,10,"6477444",0,"T","G"
"rs4780395",0.96,16,"11716084",0,"A","G"
"rs4780396",0.96,16,"11722815",0,"G","A"
"rs4795397",0.92,17,"39867492",0,"A","G"
"rs4795398",0.93,17,"39881926",0,"C","T"
"rs4795399",1,17,"39905186",0,"T","C"
"rs4795400",0.92,17,"39910767",0,"C","T"
"rs479777",1,11,"64340005",1,"T","C"
"rs4808932",0.96,19,"19248010",0,"C","T"
"rs4808933",0.96,19,"19253003",0,"T","A"
"rs4808934",0.95,19,"19260108",0,"C","T"
"rs4808944",0.94,19,"19315804",0,"A","C"
"rs4809371",1,20,"63849545",1,"C","T"
"rs4810485",1,20,"46119308",0,"T","G"
"rs4816492",0.97,21,"34544067",0,"T","C"
"rs4820261",1,22,"36920907",0,"G","A"
"rs4820262",1,22,"36921067",0,"T","C"
"rs4821560",0.95,22,"36915764",0,"T","G"
"rs4821561",0.96,22,"36915835",0,"C","T"
"rs4821565",0.97,22,"36918373",0,"T","C"
"rs4821566",0.97,22,"36918465",0,"C","G"
"rs4821567",1,22,"36920346",0,"T","G"
"rs4821568",1,22,"36920434",0,"T","C"
"rs4821569",1,22,"36920831",0,"A","G"
"rs4821570",1,22,"36921135",0,"C","G"
"rs4837799",0.98,9,"120906048",0,"T","C"
"rs4837804",0.94,9,"120943026",0,"C","G"
"rs4840568",0.91,8,"11493510",0,"G","A"
"rs4850921",0.92,2,"100146237",0,"G","T"
"rs4850923",0.97,2,"100165794",0,"A","C"
"rs4850924",0.94,2,"100165811",0,"A","G"
"rs4851252",0.92,2,"100140818",0,"C","T"
"rs4851255",0.94,2,"100155392",0,"C","T"
"rs4851256",0.91,2,"100158583",0,"T","C"
"rs4851257",0.97,2,"100158835",0,"C","T"
"rs4851258",0.97,2,"100164368",0,"T","C"
"rs4851259",0.97,2,"100164549",0,"A","C"
"rs4851260",0.93,2,"100164670",0,"C","G"
"rs4851261",0.98,2,"100170255",0,"A","G"
"rs4853458",0.96,2,"191094763",0,"A","G"
"rs4902647",0.97,14,"68787474",0,"C","T"
"rs4916215",0.97,1,"173345401",0,"C","T"
"rs4916340",0.95,1,"173378335",0,"G","T"
"rs4924273",0.99,15,"38554537",0,"G","C"
"rs4941428",0.93,13,"42434041",0,"A","G"
"rs4942119",0.92,13,"42431137",0,"T","G"
"rs4942120",0.92,13,"42431397",0,"G","A"
"rs4942121",0.91,13,"42438454",0,"T","C"
"rs4942122",0.93,13,"42444762",0,"G","A"
"rs4942123",0.93,13,"42444910",0,"C","T"
"rs4958880",1,5,"151058916",0,"C","A"
"rs5019428",1,3,"17005374",1,"CG","C,CA,CC"
"rs502919",0.98,10,"6475205",0,"T","C"
"rs515151",0.92,18,"12860935",0,"G","C"
"rs532159",0.98,10,"6476095",0,"C","T"
"rs55699901",0.95,1,"37818475",0,"C","A"
"rs55762233",1,19,"19256510",1,"C","G"
"rs55765017",0.99,19,"19257455",0,"G","A"
"rs55822665",0.98,19,"19272489",0,"C","T"
"rs55844313",0.96,8,"80219402",0,"G","T"
"rs55894437",0.98,11,"118736708",0,"C","T"
"rs55963299",0.95,2,"60870448",0,"A","G"
"rs56044734",1,19,"19256118",0,"G","A"
"rs56054309",0.96,2,"100178478",0,"T","C"
"rs56095903",0.92,2,"60845529",0,"G","T"
"rs56099366",0.99,6,"426247",0,"CG","C"
"rs56135441",1,19,"19260561",0,"A","T"
"rs56144632",0.99,19,"19257501",0,"G","A"
"rs56201652",0.96,7,"92648802",0,"G","A"
"rs56267528",0.97,11,"118736602",0,"C","A"
"rs56278919",0.99,19,"19256381",0,"A","G"
"rs56339063",0.94,16,"11710336",0,"C","CAT"
"rs56750287",1,17,"39906691",1,"A","C"
"rs56758835",0.95,11,"118744631",0,"G","A"
"rs56787183",1,5,"40499188",1,"G","A"
"rs56885945",1,5,"40539762",0,"T","C"
"rs568999",1,5,"103265657",0,"G","C"
"rs56913245",0.93,13,"42452762",0,"C","T"
"rs57021847",0.94,15,"69714584",0,"GGCTTC","G"
"rs57151617",0.96,NA,"",0,"A","C"
"rs57353165",1,5,"40553606",0,"G","A"
"rs57359396",0.93,8,"80214157",0,"A","G"
"rs57436187",0.92,19,"19319106",0,"C","T"
"rs5745264",0.94,5,"10691006",0,"G","A"
"rs5745271",0.91,5,"10690637",0,"T","G"
"rs5750338",0.99,22,"36920083",0,"G","A"
"rs5754100",1,22,"21561877",1,"T","C"
"rs5754166",0.94,22,"21576488",0,"C","T"
"rs5756405",0.96,22,"36914912",0,"A","G"
"rs5756407",1,22,"36920217",1,"T","C"
"rs5756408",1,22,"36921806",0,"T","C"
"rs57673234",1,5,"40620793",0,"T","C"
"rs57808120",1,5,"40510362",0,"T","C"
"rs579052",0.91,18,"12858611",0,"T","C"
"rs58106522",1,5,"40609013",0,"C","T"
"rs58107865",1,4,"108140462",1,"G","C"
"rs58135079",1,5,"40558693",0,"T","C"
"rs58185311",0.96,7,"100148821",0,"CG","C"
"rs58721818",0.94,6,"137922602",0,"C","T"
"rs5889371",0.95,8,"11495601",0,"AG","A"
"rs5892717",0.93,8,"80207629",0,"AC","A"
"rs591549",1,18,"3542249",1,"T","C"
"rs59391722",0.94,22,"21566528",0,"G","C"
"rs594885",0.98,10,"6476589",0,"A","T"
"rs59513644",1,2,"201312734",0,"CG","C"
"rs59572869",0.94,8,"80218770",0,"A","G"
"rs59755971",0.93,15,"90374532",0,"C","T"
"rs59962067",0.92,1,"235636528",0,"A","G"
"rs5998509",0.96,22,"21563190",0,"C","T"
"rs60077462",0.93,8,"80211042",0,"G","A"
"rs60120504",0.98,13,"39762633",0,"AC","A"
"rs6032660",0.98,20,"46101606",0,"G","A"
"rs6032662",0.98,20,"46105671",0,"C","T"
"rs6032663",0.95,20,"46106624",0,"T","G"
"rs6032664",0.98,20,"46110780",0,"A","T"
"rs60567681",1,5,"40530908",0,"G","T"
"rs6065926",0.97,20,"46107215",0,"A","G"
"rs6074022",0.95,20,"46111557",0,"C","T"
"rs60874192",0.91,8,"80212832",0,"AAT","A"
"rs61056617",0.99,NA,"",0,"A","G"
"rs61117627",0.94,6,"137922563",0,"G","A"
"rs61742784",0.94,6,"44287650",0,"C","T"
"rs61804323",0.91,1,"161555843",0,"T","C"
"rs61812598",1,1,"154447611",0,"G","A"
"rs61813767",0.96,1,"156836695",0,"G","A"
"rs61813768",0.95,1,"156836758",0,"A","G"
"rs61896141",0.98,11,"61788567",0,"A","C"
"rs61897793",0.92,11,"61831875",0,"G","A"
"rs61960955",0.93,13,"42452395",0,"T","C"
"rs61960956",0.93,13,"42452595",0,"G","T"
"rs62019344",0.92,15,"90369666",0,"G","A"
"rs62019345",0.93,15,"90372951",0,"G","A"
"rs62097857",1,18,"12857759",1,"G","A"
"rs62149416",0.94,2,"60856371",0,"T","C"
"rs62149417",0.94,2,"60856428",0,"G","A"
"rs62220374",0.96,21,"44289288",0,"C","G"
"rs62264113",1,3,"127573490",1,"G","A"
"rs62422862",0.94,6,"106196845",0,"C","T"
"rs62422878",0.94,6,"106228595",0,"C","T"
"rs62422881",0.97,6,"106254902",0,"T","C"
"rs62422886",0.95,6,"106274331",0,"A","G"
"rs62478615",1,7,"129044262",0,"G","C"
"rs625285",0.98,10,"6471758",0,"C","G"
"rs626748",0.98,10,"6474129",0,"A","C"
"rs629786",0.94,10,"6487959",0,"C","T"
"rs6427394",1,1,"157720625",1,"C","T"
"rs6427672",0.94,1,"154462870",0,"C","T"
"rs6429207",1,1,"235635034",1,"A","C"
"rs643610",1,10,"6479185",1,"G","A"
"rs6448432",0.99,4,"26097188",0,"G","A"
"rs6478484",0.97,9,"120890102",0,"T","C"
"rs6478486",0.98,9,"120893051",0,"T","C"
"rs6478487",0.98,9,"120910499",0,"C","T"
"rs6491258",0.99,13,"28057905",0,"C","T"
"rs6495979",1,15,"38555158",1,"C","T"
"rs6496665",0.93,15,"90348383",0,"G","A"
"rs6496667",0.93,15,"90350436",0,"C","A"
"rs6502851",0.97,17,"5247358",0,"G","A"
"rs6511027",0.97,19,"19281042",0,"C","T"
"rs6546889",1,2,"74091324",0,"C","G"
"rs654690",0.96,6,"159093746",0,"T","C"
"rs6561043",0.97,13,"42423438",0,"G","A"
"rs6561046",0.93,13,"42445782",0,"T","G"
"rs6561047",0.93,13,"42445806",0,"T","G"
"rs6561048",0.93,13,"42451365",0,"C","T"
"rs6561049",0.93,13,"42453005",0,"T","C"
"rs656715",0.99,10,"6478587",0,"A","G"
"rs657555",0.92,18,"12847137",0,"C","T"
"rs6583441",1,7,"50322278",1,"A","T"
"rs6589681",0.98,11,"118735812",0,"C","T"
"rs6589682",0.92,11,"118736013",0,"C","T"
"rs6589684",1,11,"118740248",1,"G","A"
"rs6589685",0.98,11,"118741488",0,"T","C"
"rs6603974",1,1,"92472528",1,"A","T"
"rs663743",0.98,11,"64340263",0,"G","A"
"rs6662618",0.91,1,"92469854",0,"T","G"
"rs6669016",0.94,1,"67327248",0,"G","A"
"rs66733041",0.91,2,"100145988",0,"GCTATGATGATAC","G"
"rs66739067",0.99,2,"100176879",0,"CT","C"
"rs6679677",0.93,1,"113761186",0,"C","A"
"rs6681162",1,1,"173340922",0,"A","T"
"rs6681482",1,1,"173337507",1,"G","A"
"rs6687597",0.96,1,"154462460",0,"G","A"
"rs66879188",0.93,8,"80213739",0,"C","T"
"rs66922517",1,21,"35342682",1,"TATGCAA","T"
"rs66939011",0.99,7,"92636484",0,"T","C"
"rs6698040",0.99,1,"154460472",0,"T","C"
"rs67031482",1,2,"198046442",0,"C","T"
"rs6707067",0.92,2,"100150770",0,"G","A"
"rs6711941",1,2,"201313407",0,"C","T"
"rs6715284",0.97,2,"201289674",0,"C","G"
"rs67164465",0.97,1,"37816186",0,"G","A"
"rs67306083",0.92,1,"198601013",0,"C","T"
"rs6732340",1,2,"198048228",0,"C","G"
"rs6738825",0.98,2,"198032171",0,"A","G"
"rs67574266",0.98,2,"60881694",0,"G","A"
"rs6757776",1,2,"201304997",0,"C","T"
"rs67704103",0.94,1,"37825665",0,"C","T"
"rs6773363",0.95,3,"27752141",0,"T","C"
"rs67748055",1,2,"198046702",0,"G","A"
"rs67895606",0.96,2,"203751166",0,"AC","A"
"rs6800178",0.98,3,"189591807",0,"A","G"
"rs6819946",0.93,4,"10700532",0,"T","C"
"rs6831973",1,4,"10707742",1,"T","C"
"rs6870539",0.93,5,"10742635",0,"C","T"
"rs6930468",1,6,"426268",1,"A","G"
"rs6932056",1,6,"137921300",1,"T","C"
"rs6932936",0.98,6,"14114859",0,"A","G"
"rs6936285",0.96,6,"14127323",0,"T","C"
"rs6948097",0.96,7,"92652639",0,"C","T"
"rs6954221",0.96,7,"92653948",0,"C","T"
"rs6960181",0.96,7,"92648163",0,"C","T"
"rs6989879",0.98,8,"80203717",0,"C","T"
"rs6995440",0.98,8,"80204685",0,"G","C"
"rs7008456",0.93,8,"80217701",0,"G","T"
"rs7008497",0.94,8,"80217929",0,"A","G"
"rs7017242",0.97,8,"80215504",0,"T","C"
"rs7021206",0.96,9,"120921879",0,"G","A"
"rs7028641",0.95,9,"120928863",0,"G","C"
"rs7031096",0.95,9,"120932664",0,"T","C"
"rs7033753",0.94,9,"120924584",0,"C","T"
"rs7034390",1,9,"120884210",0,"A","T"
"rs7034492",0.96,9,"120924933",0,"G","A"
"rs7034653",0.96,9,"120925094",0,"G","A"
"rs7037140",0.98,9,"120894049",0,"T","C"
"rs7039505",0.93,9,"120943667",0,"A","T"
"rs7046108",0.98,9,"120898061",0,"G","A"
"rs705699",0.98,12,"55991020",0,"G","A"
"rs705700",1,12,"55995509",1,"T","C"
"rs7097397",1,10,"48817351",1,"G","A"
"rs71152625",0.95,17,"39906690",0,"CA","C,CC"
"rs71393457",0.96,15,"69719602",0,"T","C"
"rs71393458",0.96,15,"69719954",0,"C","G"
"rs71393462",0.98,15,"69730160",0,"T","C"
"rs71393463",1,15,"69736199",0,"A","G"
"rs71393464",0.96,15,"69737651",0,"T","C"
"rs71393465",1,15,"69741570",0,"A","G"
"rs71393466",0.96,15,"69742614",0,"A","G"
"rs71393467",1,15,"69742660",0,"A","G"
"rs71393468",1,15,"69745728",0,"T","C"
"rs71393469",1,15,"69747005",0,"C","A"
"rs71393470",0.98,15,"69748651",0,"G","A"
"rs71404228",0.94,15,"69696474",0,"T","A"
"rs71404229",0.98,15,"69709740",0,"G","A"
"rs71404230",0.98,15,"69709944",0,"G","A"
"rs71404231",0.98,15,"69710434",0,"T","C"
"rs71404232",0.98,15,"69711036",0,"A","G"
"rs71404233",0.96,15,"69714518",0,"A","G"
"rs71404234",0.96,15,"69716450",0,"G","A"
"rs71411040",0.96,15,"69708674",0,"T","C"
"rs7148416",0.93,14,"68281151",0,"A","T"
"rs7148882",0.92,14,"68274207",0,"A","G"
"rs71581958",1,7,"129025488",0,"C","T"
"rs7162211",0.93,15,"90349353",0,"G","C"
"rs7162669",0.94,15,"69729825",0,"G","C"
"rs7170107",0.95,15,"69718308",0,"C","T"
"rs7170151",0.99,15,"38554477",0,"C","T"
"rs7171422",0.92,15,"90361509",0,"G","A"
"rs7171617",1,15,"90361626",1,"G","A"
"rs7173565",0.96,15,"38558129",0,"T","C"
"rs7177657",1,15,"69749354",0,"T","C"
"rs7178496",0.93,15,"90353727",0,"C","T"
"rs7181071",0.94,15,"69705003",0,"C","T"
"rs7203803",0.96,16,"11718435",0,"C","T"
"rs7206670",0.91,16,"11740030",0,"G","T"
"rs720824",0.93,13,"42444041",0,"A","T"
"rs7234029",0.99,18,"12877061",0,"A","G"
"rs7241016",1,18,"12880207",1,"A","G"
"rs72445575",0.91,15,"90354031",0,"CCACTTT","C"
"rs7257875",0.97,19,"19261341",0,"C","T"
"rs7276646",0.99,21,"34538413",0,"T","C"
"rs7278771",0.97,21,"34558617",0,"C","T"
"rs72798636",0.91,5,"134506253",0,"C","T"
"rs7281873",0.96,21,"33408283",0,"A","G"
"rs72832868",0.99,2,"110850099",0,"A","T"
"rs7283600",0.97,21,"34558103",0,"G","A"
"rs7283827",0.95,21,"33397598",0,"A","G"
"rs72855832",0.91,4,"80039134",0,"T","G"
"rs72855839",0.91,4,"80041381",0,"A","T"
"rs72920928",0.98,1,"2320752",0,"A","G"
"rs72928038",1,6,"90267049",1,"G","A"
"rs72934944",1,2,"201325887",0,"C","T"
"rs72999030",0.96,19,"19253431",0,"A","T"
"rs72999053",0.98,19,"19264563",0,"G","A"
"rs72999059",0.98,19,"19267436",0,"A","C"
"rs72999063",0.99,19,"19269787",0,"G","T"
"rs72999068",0.98,19,"19269876",0,"A","G"
"rs73003215",0.91,11,"118778803",0,"G","A"
"rs7310615",0.93,12,"111427245",0,"C","G"
"rs73166619",0.94,22,"21575804",0,"C","T"
"rs7317641",0.91,13,"42446958",0,"A","G"
"rs7318817",1,13,"28043571",1,"C","T"
"rs7319041",0.99,13,"39771219",0,"G","A"
"rs7320598",0.98,13,"39771329",0,"C","T"
"rs73232024",0.96,7,"92648001",0,"G","A"
"rs73232029",0.98,7,"92657969",0,"G","C"
"rs73255766",0.94,8,"80220058",0,"A","G"
"rs73255773",1,8,"80220730",0,"A","G"
"rs734094",1,11,"2301990",1,"G","A"
"rs7410682",1,22,"36921216",0,"A","G"
"rs7422494",0.99,2,"203747084",0,"G","A"
"rs7426056",0.99,2,"203747335",0,"A","G"
"rs74313386",1,2,"65371772",1,"G","GA"
"rs7441808",0.97,4,"26088753",0,"A","G"
"rs74451505",1,5,"40526088",0,"G","A"
"rs745899",1,2,"198043316",0,"A","T"
"rs74677780",0.97,21,"34543376",0,"C","T"
"rs74679034",0.99,21,"34538705",0,"G","A"
"rs74730347",1,5,"40560085",0,"T","C"
"rs7478117",0.99,10,"62281449",0,"C","T"
"rs74842123",1,NA,"79076899",1,"G","A"
"rs74950428",0.94,6,"44304547",0,"G","C"
"rs74964556",0.94,6,"44304587",0,"C","A"
"rs74984480",1,6,"14102981",0,"C","T"
"rs75122949",1,5,"40500592",0,"G","C"
"rs7512646",0.96,1,"154447926",0,"G","C"
"rs7518056",0.91,1,"235638963",0,"C","G"
"rs7518071",0.92,1,"235639026",0,"C","T"
"rs7518167",0.92,1,"235639118",0,"C","T"
"rs7518169",0.92,1,"235639123",0,"C","T"
"rs75184969",1,5,"40552964",0,"C","T"
"rs75205547",1,5,"40536100",0,"A","G"
"rs7522723",0.91,1,"235638945",0,"A","G"
"rs7528321",0.97,1,"173362623",0,"T","C"
"rs7529229",0.96,1,"154448302",0,"T","C"
"rs7534418",0.91,1,"156836011",0,"T","C"
"rs7537291",0.98,1,"154460931",0,"G","A"
"rs7537316",0.99,1,"154460990",0,"G","A"
"rs7540342",1,1,"38156596",1,"T","C"
"rs75444304",0.92,15,"90351014",0,"C","T"
"rs7546068",0.99,1,"154460939",0,"C","T"
"rs7546552",0.99,1,"154461429",0,"C","A"
"rs7546555",0.97,1,"154461435",0,"C","T"
"rs75489301",1,14,"104931639",0,"G","A"
"rs7554426",0.92,1,"235639087",0,"G","T"
"rs7554532",0.92,1,"235639173",0,"G","A"
"rs7565895",0.96,2,"100158311",0,"G","A"
"rs7568275",0.96,2,"191101726",0,"G","C"
"rs7572733",0.92,2,"198065082",0,"C","T"
"rs7574865",0.96,2,"191099907",0,"T","G"
"rs7579944",0.94,2,"30222160",0,"T","C"
"rs7582694",0.95,2,"191105394",0,"C","G"
"rs7587251",0.92,2,"198065473",0,"T","G"
"rs7588054",0.94,2,"60856369",0,"A","G,T"
"rs7588874",0.99,2,"203749785",0,"G","A"
"rs758959",0.96,9,"120914421",0,"C","T"
"rs7590378",0.96,2,"100173415",0,"A","G"
"rs7593261",0.95,2,"100173445",0,"T","C"
"rs7595401",1,2,"74037081",0,"G","C"
"rs76012501",1,5,"40579112",0,"G","A"
"rs7601892",0.96,2,"100173028",0,"G","A"
"rs7606455",0.92,2,"100151779",0,"T","C"
"rs76138074",0.94,6,"44289947",0,"C","T"
"rs76198198",0.94,6,"44284089",0,"G","A"
"rs76204868",1,5,"40601089",0,"C","T"
"rs76227917",1,5,"40559171",0,"C","G"
"rs76275007",0.92,4,"80038786",0,"C","T"
"rs76367470",1,5,"40519214",0,"A","G"
"rs76409436",0.98,11,"118737162",0,"G","A"
"rs7641100",0.94,3,"189619138",0,"T","C"
"rs76550048",1,5,"40522890",0,"T","C"
"rs76558934",1,5,"40609646",0,"G","A"
"rs76627429",0.94,6,"14098239",0,"T","C"
"rs76661693",0.93,21,"33399283",0,"G","GA"
"rs76731976",0.94,6,"44307780",0,"G","T"
"rs76935188",1,5,"40619060",0,"T","A"
"rs76943109",1,5,"40489713",0,"T","C"
"rs76944848",0.93,19,"19306703",0,"C","T"
"rs76977261",1,15,"69735212",0,"T","G"
"rs77000060",1,6,"137916852",0,"C","T"
"rs77120807",1,5,"40575157",0,"C","T"
"rs77137881",0.92,4,"80038851",0,"A","T"
"rs77163326",1,5,"40494892",0,"G","A"
"rs77209083",0.94,11,"118736860",0,"A","G"
"rs77251346",0.99,21,"34546828",0,"T","C"
"rs77255271",1,5,"40513477",0,"G","C"
"rs77260194",1,5,"40559979",0,"G","A"
"rs773114",0.99,12,"55985276",0,"A","T"
"rs7731626",1,5,"56148856",1,"G","A"
"rs7733385",0.98,5,"10712087",0,"G","A"
"rs77472938",1,15,"69751183",0,"A","G"
"rs7749323",1,6,"137909252",0,"G","A"
"rs7752903",1,6,"137906227",0,"T","G"
"rs77529862",1,15,"69751339",0,"C","A"
"rs77558734",1,5,"40494670",0,"G","A,T"
"rs77574423",1,3,"11943270",1,"G","A"
"rs77791277",0.99,6,"106234115",0,"G","A"
"rs77867000",0.94,6,"44287187",0,"T","A"
"rs77906162",1,5,"40532139",0,"C","T"
"rs77936485",1,5,"40598244",0,"C","G"
"rs77986492",0.94,6,"44269812",0,"C","T"
"rs77990078",0.94,6,"137815875",0,"T","C"
"rs78019882",0.98,6,"14111156",0,"C","G"
"rs7804293",0.98,7,"92658535",0,"T","G"
"rs7804722",0.96,7,"92658792",0,"T","C"
"rs7814057",0.98,8,"80214690",0,"A","C"
"rs7814187",0.97,8,"80214744",0,"A","G"
"rs7816090",0.98,8,"80202594",0,"G","A"
"rs7825050",0.93,8,"80210211",0,"C","T"
"rs7830519",0.98,8,"80219298",0,"T","C"
"rs7832840",0.93,8,"80224051",0,"C","T"
"rs78340719",0.94,6,"44293636",0,"C","T"
"rs78354198",1,5,"40502859",0,"G","A"
"rs7838553",0.98,8,"80205257",0,"A","G"
"rs7838573",0.97,8,"80205295",0,"A","G"
"rs7843879",0.93,8,"80206326",0,"G","A"
"rs78449936",1,5,"40503634",0,"A","G"
"rs7848332",0.97,9,"120907218",0,"T","C"
"rs78515370",1,6,"137821596",0,"T","C"
"rs7859805",0.98,9,"120901845",0,"A","G"
"rs7864019",0.96,9,"120930590",0,"A","T"
"rs7866003",0.95,9,"120908227",0,"A","T"
"rs78710564",1,5,"40501610",0,"C","T"
"rs78720395",0.94,3,"189618016",0,"T","A"
"rs7875829",0.98,9,"120898120",0,"A","G"
"rs7902146",1,10,"62041271",1,"C","T"
"rs79067180",0.94,6,"44292000",0,"G","C"
"rs790814",0.94,10,"6488039",0,"A","G"
"rs79082484",0.94,6,"44269029",0,"T","C"
"rs79170202",1,5,"40541274",0,"T","C"
"rs79224019",1,15,"69748834",0,"A","G"
"rs79232079",1,5,"40504945",0,"G","C"
"rs79254974",0.94,6,"44298181",0,"C","G"
"rs793093",0.99,10,"31099016",0,"T","C"
"rs793095",1,10,"31097045",1,"C","T"
"rs79333231",1,5,"40614230",0,"G","A"
"rs7943728",1,11,"61779596",1,"G","A"
"rs7945144",0.99,11,"118738007",0,"A","G"
"rs79715904",1,5,"40513522",0,"G","A"
"rs798000",1,1,"116738074",1,"C","T"
"rs79818725",1,21,"34537327",1,"T","C"
"rs7986796",0.92,13,"39776927",0,"G","T"
"rs7989654",0.95,13,"28051694",0,"G","A"
"rs79922828",1,5,"40559724",0,"T","G"
"rs7993214",1,13,"39776775",0,"T","C"
"rs79959806",0.94,6,"44290593",0,"G","A"
"rs8002731",0.98,13,"39788092",0,"A","C"
"rs8008961",0.98,14,"68285926",0,"C","T"
"rs80126770",1,6,"137846946",0,"C","T"
"rs80146298",0.93,19,"19315508",0,"C","T"
"rs8015139",0.92,14,"68272584",0,"G","T"
"rs80213143",1,6,"137836591",0,"G","C"
"rs8023776",0.93,15,"90354720",0,"C","T"
"rs8026533",0.93,15,"90349996",0,"A","C"
"rs8026898",1,15,"69699078",1,"G","A"
"rs80300819",1,6,"137850597",0,"C","G"
"rs8035602",0.92,15,"90365965",0,"G","A"
"rs8035957",0.92,15,"38546063",0,"T","C"
"rs8039263",0.93,15,"90357365",0,"G","A"
"rs8042825",0.93,15,"90354653",0,"G","C"
"rs8058003",0.94,16,"11721322",0,"C","T"
"rs8061264",0.92,16,"11733449",0,"T","C"
"rs8069176",0.99,17,"39900944",0,"G","A"
"rs8073171",1,17,"5243944",1,"G","A"
"rs8083786",0.99,18,"12881362",0,"A","G"
"rs8108777",0.96,19,"19248249",0,"C","A"
"rs811572",0.99,10,"31099039",0,"A","T"
"rs8126756",0.92,21,"33403138",0,"T","C"
"rs8129030",0.92,21,"35340290",0,"T","A"
"rs8133431",0.96,21,"33424249",0,"C","T"
"rs8179673",0.95,2,"191104615",0,"C","T"
"rs853357",0.96,6,"14129399",0,"A","G"
"rs867991",0.99,10,"31100336",0,"T","G"
"rs867992",0.99,10,"31100384",0,"A","T"
"rs873249",0.93,8,"80208356",0,"A","C"
"rs873250",0.93,8,"80208260",0,"T","G"
"rs874040",0.99,4,"26106575",0,"G","C"
"rs876445",0.96,9,"120914824",0,"A","T"
"rs881375",0.97,9,"120890620",0,"T","C"
"rs883220",0.92,1,"38151199",0,"C","A"
"rs900535",1,5,"10706040",0,"A","G"
"rs906868",0.96,2,"30225478",0,"G","T"
"rs909685",1,22,"39351666",0,"T","A"
"rs911263",0.99,14,"68286876",0,"C","T"
"rs911760",1,9,"5438435",1,"C","A"
"rs912425",1,13,"42423188",0,"G","A"
"rs919053",1,15,"69698448",0,"A","G"
"rs9310852",1,3,"27743506",1,"A","G"
"rs9312742",0.97,5,"10734660",0,"G","A"
"rs9315916",0.94,13,"42440970",0,"T","C"
"rs9315919",0.95,13,"42454932",0,"T","A"
"rs932036",0.99,4,"26089240",0,"A","T"
"rs9372120",1,6,"106219660",1,"T","G"
"rs9372121",0.96,6,"106286214",0,"A","G"
"rs9373839",0.96,6,"106207742",0,"T","C"
"rs9373842",0.96,6,"106284272",0,"T","G"
"rs9373843",0.91,6,"106306554",0,"A","G"
"rs9378815",0.93,6,"426155",0,"G","C,T"
"rs9386514",0.96,6,"106189027",0,"T","C"
"rs9386516",0.99,6,"106226756",0,"A","G"
"rs9398073",0.94,6,"106202947",0,"G","C"
"rs9398075",0.96,6,"106261086",0,"G","A"
"rs9398078",0.91,6,"106307720",0,"G","C"
"rs940825",1,7,"17167540",1,"T","G"
"rs947474",1,10,"6348488",1,"G","A"
"rs9507983",0.99,13,"28045899",0,"T","C"
"rs9512996",1,13,"28044804",0,"A","G"
"rs9513018",0.94,13,"28066426",0,"G","T"
"rs9525624",0.95,13,"42437024",0,"T","G"
"rs9532430",1,13,"39777204",0,"A","G"
"rs9532433",1,13,"39778534",0,"C","A"
"rs9532434",1,13,"39781776",1,"T","C"
"rs9533102",0.92,13,"42431114",0,"C","T"
"rs9533106",0.98,13,"42447318",0,"C","T"
"rs9548932",1,13,"39779093",0,"G","T"
"rs9551428",1,13,"28044325",0,"C","T"
"rs9590697",0.92,13,"42420345",0,"C","G"
"rs9603605",0.96,13,"39734170",0,"T","C"
"rs9603608",0.99,13,"39744682",0,"A","C"
"rs9603612",0.99,13,"39760715",0,"C","G"
"rs9607390",0.97,22,"36918491",0,"C","T"
"rs9607391",0.97,22,"36918728",0,"A","T"
"rs9607392",0.97,22,"36919550",0,"C","T"
"rs9607395",0.92,22,"36919700",0,"C","T"
"rs9607396",0.97,22,"36919870",0,"C","A"
"rs9607397",0.97,22,"36919946",0,"C","T"
"rs9607398",0.99,22,"36919999",0,"C","T"
"rs9610607",0.97,22,"36919717",0,"T","C"
"rs9611155",0.97,22,"39343182",0,"C","T"
"rs962210",1,2,"198037506",0,"A","T"
"rs968334",0.93,6,"167112608",0,"T","C"
"rs9683585",0.95,4,"2701077",0,"C","G"
"rs968567",0.96,11,"61828092",0,"C","T"
"rs9693589",0.99,8,"11491452",0,"G","A"
"rs9712275",0.96,2,"198042419",0,"C","T"
"rs9774752",0.94,8,"80216587",0,"A","C,G"
"rs9790905",0.91,5,"134505043",0,"A","G"
"rs9808753",0.95,21,"33415005",0,"A","G"
"rs9826420",1,3,"136598664",1,"G","C"
"rs9831485",0.98,3,"189592057",0,"G","A"
"rs9880772",0.93,3,"27736288",0,"G","A"
"rs9891174",0.95,17,"39875549",0,"T","A"
"rs9904624",0.96,17,"39880333",0,"A","G"
"rs9907088",0.96,17,"39878863",0,"G","A"
"rs9910826",0.91,17,"39879395",0,"A","G"
"rs9927316",1,16,"85982795",1,"C","G"
"rs9933582",0.93,16,"85982420",0,"T","G"
"rs9939427",0.93,16,"85982485",0,"G","A"
"rs9943",0.98,13,"39752145",0,"A","G"
"rs9959425",0.91,18,"12868507",0,"T","C"
"rs9973400",0.92,2,"198076854",0,"T","C"
"rs9975473",0.94,21,"33404135",0,"T","A,G"
"rs9978166",0.95,21,"33398210",0,"A","G"
"rs9978223",0.93,21,"33398052",0,"G","A"
"rs9979383",0.94,21,"35343463",0,"C","T"
"rs9983695",0.93,21,"44291925",0,"T","C"
"rs998683",0.95,8,"11495491",0,"G","A"
"rs998732",0.98,19,"19267862",0,"A","G"
"rs9992915",0.92,4,"80016497",0,"A","G"
